ID,"How much do you agree with the following statements? "" I act as a mentor at GSoC because (of) ..."" [I wanted to receive a payment.]","How much do you agree with the following statements? "" I act as a mentor at GSoC because (of) ..."" [My project/company highly recommended me to do so.]","How much do you agree with the following statements? "" I act as a mentor at GSoC because (of) ..."" [Gaining  respect from the project community.]","How much do you agree with the following statements? "" I act as a mentor at GSoC because (of) ..."" [Mentoring others gave me a sense of accomplishment.]","How much do you agree with the following statements? "" I act as a mentor at GSoC because (of) ..."" [I wanted to announce my mentor experience on the resume.]","How much do you agree with the following statements? "" I act as a mentor at GSoC because (of) ..."" [I hoped the project can be sustainable --- need new blood.]","How much do you agree with the following statements? "" I act as a mentor at GSoC because (of) ..."" [Newcomers can stimulate my creativity.]","How much do you agree with the following statements? "" I act as a mentor at GSoC because (of) ..."" [I wanted to improve technical skills.]","How much do you agree with the following statements? "" I act as a mentor at GSoC because (of) ..."" [I hoped to improve instruct ability (e.g., communication, organization, and coordination).]","How much do you agree with the following statements? "" I act as a mentor at GSoC because (of) ..."" [I notice that other project members acted as mentors.]","How much do you agree with the following statements? "" I act as a mentor at GSoC because (of) ..."" [I think it is challenging and I like to do challenging thing.]","How much do you agree with the following statements? "" I act as a mentor at GSoC because (of) ..."" [GSoC can advertise this project.]",Other Motivations,"Have you ever participated in an org application (i.e., mentoring organizations submit applications to Google)?","If yes: How much do you agree with the following statements? ""During org application, I faced some challenges because (of) ..."" [I wasn__ sure what should be written in the org application.]","If yes: How much do you agree with the following statements? ""During org application, I faced some challenges because (of) ..."" [I wasn__ sure the screening criteria of Google administrators.]","If yes: How much do you agree with the following statements? ""During org application, I faced some challenges because (of) ..."" [Coming up with good ideas was difficult.]","If yes: How much do you agree with the following statements? ""During org application, I faced some challenges because (of) ..."" [Recruiting mentors was difficult.]","If yes: How much do you agree with the following statements? ""During org application, I faced some challenges because (of) ..."" [Previous GSoC experience of my org was limited.]","If yes: How much do you agree with the following statements? ""During org application, I faced some challenges because (of) ..."" [Previous GSoC experience of my org was not good (low pass/fail ratio).]","If yes: How much do you agree with the following statements? ""During org application, I faced some challenges because (of) ..."" [There were too many competitors (organizations).]","If yes: How much do you agree with the following statements? ""During org application, I faced some challenges because (of) ..."" [I wasn__ sure about the support strategies, e.g., how to keep mentors engaged with their mentees and get students involved in my community during GSoC.]","How much do you agree with the following statements? ""During student selection and community bonding period, I faced some challenges because (of) ..."" [No clear criteria/ guide for the acceptance of students.]","How much do you agree with the following statements? ""During student selection and community bonding period, I faced some challenges because (of) ..."" [Too many/ few applicants to select.]","How much do you agree with the following statements? ""During student selection and community bonding period, I faced some challenges because (of) ..."" [Difficulty in knowing applicants_ technical skills through  proposal and pre-contact.]","How much do you agree with the following statements? ""During student selection and community bonding period, I faced some challenges because (of) ..."" [Difficulty in knowing applicants_ personality type and work style through  proposal and pre-contact.]","How much do you agree with the following statements? ""During student selection and community bonding period, I faced some challenges because (of) ..."" [Communication issues, e.g., different time zones, multiple communication channels, and English skills.]","How much do you agree with the following statements? ""During student selection and community bonding period, I faced some challenges because (of) ..."" [Lack of interpersonal skills.]","How much do you agree with the following statements? ""During student selection and community bonding period, I faced some challenges because (of) ..."" [Not having a formal procedure for introducing the community, e.g., help them learn the organization's processes, projects_ code structure, etc.]","How much do you agree with the following statements? ""During GSoC official execution, as a mentor, I faced some challenges because (of) ..."" [Handling a large number of mentees.]","How much do you agree with the following statements? ""During GSoC official execution, as a mentor, I faced some challenges because (of) ..."" [Difficulty in switching context.]","How much do you agree with the following statements? ""During GSoC official execution, as a mentor, I faced some challenges because (of) ..."" [Difficulty in time-management.]","How much do you agree with the following statements? ""During GSoC official execution, as a mentor, I faced some challenges because (of) ..."" [Difficulty in managing different mentees' accounts.]","How much do you agree with the following statements? ""During GSoC official execution, as a mentor, I faced some challenges because (of) ..."" [Adjusting interaction style to different mentee personalities.]","How much do you agree with the following statements? ""During GSoC official execution, as a mentor, I faced some challenges because (of) ..."" [Difficulty in guiding mentees who are resistant to coaching.]","How much do you agree with the following statements? ""During GSoC official execution, as a mentor, I faced some challenges because (of) ..."" [Providing constructive feedback based on the mentee__ background.]","How much do you agree with the following statements? ""During GSoC official execution, as a mentor, I faced some challenges because (of) ..."" [Convincing people to start small rather than big.]","How much do you agree with the following statements? ""During GSoC official execution, as a mentor, I faced some challenges because (of) ..."" [Ensuring that the mentees finish their work.]","How much do you agree with the following statements? ""During GSoC official execution, as a mentor, I faced some challenges because (of) ..."" [Difficulty in creating an inclusive community.]","How much do you agree with the following statements? ""During GSoC official execution, as a mentor, I faced some challenges because (of) ..."" [Cultural differences.]","How much do you agree with the following statements? ""During GSoC official execution, as a mentor, I faced some challenges because (of) ..."" [Communication issues related to time zone, place, and English skills.]","How much do you agree with the following statements? ""During GSoC official execution, as a mentor, I faced some challenges because (of) ..."" [Lack of interpersonal skills.]","How much do you agree with the following statements? ""During GSoC official execution, as a mentor, I faced some challenges because (of) ..."" [Harsh project atmosphere.]","How much do you agree with the following statements? ""During GSoC official execution, as a mentor, I faced some challenges because (of) ..."" [Difficulty in identifying appropriate tasks for newcomers.]","How much do you agree with the following statements? ""During GSoC official execution, as a mentor, I faced some challenges because (of) ..."" [Difference in the devices that mentors and mentees use.]","How much do you agree with the following statements? ""During GSoC official execution, as a mentor, I faced some challenges because (of) ..."" [The cognitive difference between mentors and mentees making mentees feel difficult to understand mentors.]","How much do you agree with the following statements? ""During GSoC official execution, as a mentor, I faced some challenges because (of) ..."" [Difficulty in making mentees proactive.]","How much do you agree with the following statements? ""During GSoC official execution, as a mentor, I faced some challenges because (of) ..."" [Difficulty in setting milestones for mentees.]","How much do you agree with the following statements? ""During GSoC official execution, as a mentor, I faced some challenges because (of) ..."" [Difficulty in knowing when student disappeared.]","How much do you agree with the following statements? ""During GSoC official execution, as a mentor, I faced some challenges because (of) ..."" [No clear criteria /guide for the evaluation of students.]","Other challenges in org application, student selection, and community bonding period, or official execution (coding process)","How much do you agree with the following statements? ""As a mentor of GSoC, I followed the following strategies for writing  good ideas list _"" [Each project on the ideas list includes title, description, expected outcomes, and skills required.]","How much do you agree with the following statements? ""As a mentor of GSoC, I followed the following strategies for writing  good ideas list _"" [Set a reasonable workload.]","How much do you agree with the following statements? ""As a mentor of GSoC, I followed the following strategies for writing  good ideas list _"" [Have multiple ideas and have them categorized.]","How much do you agree with the following statements? ""As a mentor of GSoC, I followed the following strategies for writing  good ideas list _"" [Make it easy for Administrators to find the ideas list.]","How much do you agree with the following statements? ""As a mentor of GSoC, I followed the following strategies for writing  good ideas list _"" [Update Project Ideas especially when choosing ideas from previous lists.]","How much do you agree with the following statements? ""As a mentor of GSoC, I followed the following strategies for writing  good ideas list _"" [Never link to just a bug tracker.]","How much do you agree with the following statements? ""As a mentor of GSoC, I followed the following strategies for writing  good ideas list _"" [Don__ be vague about the ideas.]","How much do you agree with the following statements? ""As a mentor of GSoC, I followed the following strategies for writing  good ideas list _"" [Be sure the URL linked to for the Ideas list works.]","How much do you agree with the following statements? ""As a mentor of GSoC, I followed the following strategies for writing  good ideas list _"" [Maintain an __deas page_ with a running list of entry projects year-round.]","As a mentor, which kind of projects/tasks do you think are suitable for students?","How much do you agree with the following statements? ""As a mentor of GSoC, I followed the following strategies for selecting a student _"" [Understand student motivations: why do they apply?]","How much do you agree with the following statements? ""As a mentor of GSoC, I followed the following strategies for selecting a student _"" [Check whether the student has been around contributing before the application period.]","How much do you agree with the following statements? ""As a mentor of GSoC, I followed the following strategies for selecting a student _"" [Look through student GitHub profiles to check whether they have certain skills.]","How much do you agree with the following statements? ""As a mentor of GSoC, I followed the following strategies for selecting a student _"" [Assess whether the student is patient to apply every suggestion from mentors.]","How much do you agree with the following statements? ""As a mentor of GSoC, I followed the following strategies for selecting a student _"" [Assess whether the student can have a proper technical discussion.]","How much do you agree with the following statements? ""As a mentor of GSoC, I followed the following strategies for selecting a student _"" [Assess whether the student is an online friend.]","How much do you agree with the following statements? ""As a mentor of GSoC, I followed the following strategies for selecting a student _"" [Assess whether the student can resolve some medium-priority tasks/issues.]","How much do you agree with the following statements? ""As a mentor of GSoC, I followed the following strategies for selecting a student _"" [Inquire about the student__ GSoC history.]","How much do you agree with the following statements? ""As a mentor of GSoC, I followed the following strategies for selecting a student _"" [Find out where else the student has applied.]","How much do you agree with the following statements? ""As a mentor of GSoC, I followed the following strategies for selecting a student _"" [Look at the student__ other summer plans.]","How much do you agree with the following statements? ""As a mentor of GSoC, I followed the following strategies for selecting a student _"" [Assess whether the student personality type and work style match that of mentors.]","How much do you agree with the following statements? ""As a mentor of GSoC, I followed the following strategies for selecting a student _"" [When in Doubt, fail the Student Early.]","How much do you agree with the following statements? ""As a mentor of GSoC, I followed the following strategies for encouraging good communication and mentorship_"" [Share contact details, e.g., informed about when you may be unavailable to your student.]","How much do you agree with the following statements? ""As a mentor of GSoC, I followed the following strategies for encouraging good communication and mentorship_"" [Use multiple communication channels.]","How much do you agree with the following statements? ""As a mentor of GSoC, I followed the following strategies for encouraging good communication and mentorship_"" [Request regular reports, e.g., weekly reports.]","How much do you agree with the following statements? ""As a mentor of GSoC, I followed the following strategies for encouraging good communication and mentorship_"" [Keep communicating as much as possible.]","How much do you agree with the following statements? ""As a mentor of GSoC, I followed the following strategies for encouraging good communication and mentorship_"" [Provide a safe environment to allow students to ask silly questions.]","How much do you agree with the following statements? ""As a mentor of GSoC, I followed the following strategies for encouraging good communication and mentorship_"" [Be patient with students even when they ask silly questions.]","How much do you agree with the following statements? ""As a mentor of GSoC, I followed the following strategies for encouraging good communication and mentorship_"" [Be inclusive.]","How much do you agree with the following statements? ""As a mentor of GSoC, I followed the following strategies for encouraging good communication and mentorship_"" [Apologize effectively if it is needed.]","How much do you agree with the following statements? ""As a mentor of GSoC, I followed the following strategies for encouraging good communication and mentorship_"" [Set achievable goals and progressive milestones.]","How much do you agree with the following statements? ""As a mentor of GSoC, I followed the following strategies for encouraging good communication and mentorship_"" [Ask students how much time they can devote per week.]","How much do you agree with the following statements? ""As a mentor of GSoC, I followed the following strategies for encouraging good communication and mentorship_"" [Ask students for their opinions before decisions.]","How much do you agree with the following statements? ""As a mentor of GSoC, I followed the following strategies for encouraging good communication and mentorship_"" [Make sure that students are familiar with the workflow of the community as early as possible.]","How much do you agree with the following statements? ""As a mentor of GSoC, I followed the following strategies for encouraging good communication and mentorship_"" [Tasks and completion dates are associated with each milestone.]","How much do you agree with the following statements? ""As a mentor of GSoC, I followed the following strategies for encouraging good communication and mentorship_"" [Discuss the failure, e.g., miss a deadline.]","How much do you agree with the following statements? ""As a mentor of GSoC, I followed the following strategies for encouraging good communication and mentorship_"" [Deliver feedback early. ]","How much do you agree with the following statements? ""As a mentor of GSoC, I followed the following strategies for encouraging good communication and mentorship_"" [Give positive feedback to students.]","How much do you agree with the following statements? ""As a mentor of GSoC, I followed the following strategies for encouraging good communication and mentorship_"" [Don__ avoid critique, but don__ be a jerk.]","How much do you agree with the following statements? ""As a mentor of GSoC, I followed the following strategies for encouraging good communication and mentorship_"" [During an evaluation, be specific about both positive and negative aspects of a student__ performance.]","How much do you agree with the following statements? ""As a mentor of GSoC, I followed the following strategies for encouraging good communication and mentorship_"" [Make the suggestions or improvements relevant to what the student is currently working on.]","How much do you agree with the following statements? ""As a mentor of GSoC, I followed the following strategies for encouraging good communication and mentorship_"" [Provide specific examples for students.]",Other Strategies,"How much do you agree with the following statements? ""As a mentor of GSoC, I have gained _"" [Interpersonal skills  (e.g., communication and coordination)]","How much do you agree with the following statements? ""As a mentor of GSoC, I have gained _"" [Organizational management skills (e.g., plan, project management, and time management)]","How much do you agree with the following statements? ""As a mentor of GSoC, I have gained _"" [Ability to identify suitable tasks for newcomers]","How much do you agree with the following statements? ""As a mentor of GSoC, I have gained _"" [Ability to break down tasks]","How much do you agree with the following statements? ""As a mentor of GSoC, I have gained _"" [Sense of accomplishment]","How much do you agree with the following statements? ""As a mentor of GSoC, I have gained _"" [Improvement of technical skills]","How much do you agree with the following statements? ""As a mentor of GSoC, I have gained _"" [Community reputation]","How much do you agree with the following statements? ""As a mentor of GSoC, I have gained _"" [Donation or reward]",Other Gains,How many years of professional experience do you have in software development?,How many GSoC editions have you participated in as a mentor?,Which field does the project you mentored belong to?,Are your hired by the company to contribute to this project?,Gender,Age,"Thank you for your participation in this survey. If you'd like to be informed about our findings, please leave your email address below.",Would you be willing to be contacted for a quick follow-up online interview?,Do you have any further comments for us?
1,Strongly Disagree,Neutral,Agree,Strongly Agree,Strongly Disagree,Agree,Neutral,Disagree,Neutral,Disagree,Disagree,Disagree,,Yes,Neutral,Agree,Agree,Agree,Disagree,Disagree,Disagree,Agree,Disagree,Disagree,Strongly Agree,Agree,Neutral,Neutral,Neutral,Disagree,Disagree,Agree,Disagree,Disagree,Neutral,Agree,Agree,Agree,Neutral,Disagree,Neutral,Neutral,Neutral,Disagree,Disagree,Agree,Neutral,Agree,Neutral,Neutral,,Agree,Agree,Agree,Agree,Neutral,Neutral,Neutral,Agree,Agree,Low-hanging fruit;Fun/Peripheral;Infrastructure/Automation,Agree,Strongly Agree,Agree,Agree,Agree,Neutral,Agree,Neutral,Neutral,Agree,Agree,Strongly Agree,Agree,Neutral,Agree,Agree,Agree,Agree,Neutral,Neutral,Agree,Agree,Strongly Agree,Agree,Agree,Agree,Strongly Agree,Neutral,Agree,Agree,Agree,Neutral,,Agree,Agree,Agree,Disagree,Neutral,Strongly Disagree,Neutral,Disagree,,3,2,Cloud,Yes,Male,26-30,XXX,Yes,
2,Strongly Disagree,Strongly Disagree,Strongly Disagree,Strongly Agree,Strongly Agree,Strongly Agree,Disagree,Agree,Strongly Agree,Agree,Strongly Agree,Neutral,,Yes,Agree,Agree,Strongly Disagree,Disagree,Strongly Agree,Strongly Agree,Strongly Disagree,Agree,Agree,Strongly Agree,Disagree,Agree,Disagree,Disagree,Agree,Agree,Disagree,Agree,Agree,Strongly Disagree,Strongly Disagree,Agree,Disagree,Agree,Disagree,Disagree,Strongly Disagree,Strongly Disagree,Strongly Disagree,Strongly Disagree,Strongly Disagree,Strongly Disagree,Strongly Disagree,Strongly Disagree,Disagree,Strongly Disagree,,Strongly Agree,I don't know,Agree,I don't know,I don't know,Agree,Agree,Strongly Agree,Agree,Low-hanging fruit;Risky/Exploratory;Fun/Peripheral;Core development;Infrastructure/Automation,Disagree,Agree,Strongly Disagree,Agree,Strongly Agree,Disagree,Agree,Disagree,Strongly Disagree,Agree,Neutral,Strongly Disagree,Strongly Agree,Disagree,Strongly Agree,Strongly Agree,Agree,Strongly Agree,Strongly Agree,Agree,Strongly Agree,Agree,Strongly Agree,Strongly Agree,Neutral,Disagree,Agree,Strongly Agree,Strongly Agree,Strongly Agree,Strongly Agree,Strongly Agree,,Strongly Agree,Strongly Agree,Agree,Neutral,Agree,Agree,Strongly Agree,Strongly Disagree,,2,1,End-User Applications,No,Male,31-40,XXX,Yes,
3,Strongly Disagree,Agree,Neutral,Strongly Agree,Disagree,Neutral,Agree,Agree,Agree,Agree,Neutral,Strongly Disagree,"To support the career of young programmers from different backgrounds. So they can have experience, references and good CV.",No,,,,,,,,,Neutral,Strongly Agree,Agree,Disagree,Disagree,Strongly Disagree,Neutral,Strongly Disagree,Strongly Disagree,Disagree,Strongly Disagree,Disagree,Agree,Disagree,Agree,Neutral,Strongly Disagree,Strongly Disagree,Disagree,Strongly Disagree,Strongly Disagree,Strongly Disagree,Strongly Disagree,Disagree,Disagree,Strongly Disagree,Strongly Disagree,Strongly Disagree,"The mentees are new to working life - so the challenge to get them used to working in a team, communicate etc were expected - that is part of the mentors job",Strongly Agree,Strongly Agree,Agree,Neutral,Agree,Strongly Agree,Strongly Agree,Strongly Agree,Agree,Low-hanging fruit;Risky/Exploratory;Fun/Peripheral;pilot / proof of concept. Small.,Strongly Agree,Neutral,Agree,Neutral,Neutral,Strongly Disagree,Strongly Disagree,Strongly Disagree,Strongly Disagree,Agree,Neutral,Strongly Agree,Strongly Agree,Strongly Agree,Agree,Agree,Strongly Agree,Strongly Agree,Strongly Agree,Agree,Strongly Agree,Strongly Agree,Strongly Agree,Strongly Agree,Strongly Agree,Agree,Strongly Agree,Strongly Agree,Agree,Strongly Agree,Neutral,Agree,"Prepare /mentor them for expectations from a typical workplace. Eg. around communication, collaboration, behaviour, office politics so that they learn a bit more than just the technical aspects of the project. Set them up for a successful career and working life.",Neutral,Neutral,Agree,Neutral,Strongly Agree,Agree,Neutral,Neutral,A scientific publication. A lot of kudos from within the project. A valuable proof-of-concept to build on for years to come.,5,1,Science and Medicine,Yes,Female,More than 40,XXX,No,
4,Disagree,Disagree,Neutral,Strongly Agree,Disagree,Strongly Agree,Strongly Agree,Neutral,Strongly Agree,Agree,Strongly Agree,Agree,"Some of the above options covered this but getting new people into the project, learning how to make it easier for them to get started and become productive, and other polish that only happens when active new users show up is an important benefit. I do find it personally rewarding and invigorating to mentor GSoC. The interaction with students is a nice change for me. I considered academia early in my career but realized I liked R&D more without the academic politics. Working with students on projects seems to be the part of the academic experience I enjoyed.academic teaching ",Yes,Disagree,Strongly Disagree,Disagree,Neutral,Strongly Disagree,Strongly Disagree,Strongly Disagree,Strongly Disagree,Strongly Disagree,Disagree,Neutral,Neutral,Agree,Strongly Disagree,Disagree,Strongly Disagree,Disagree,Disagree,Disagree,Disagree,Disagree,Disagree,Disagree,Strongly Agree,Disagree,Disagree,Strongly Agree,Disagree,Disagree,Agree,Disagree,Agree,Agree,Neutral,Agree,Disagree,"In our org, many projects follow a general pattern and we have developed guidance for those. We have other activities that are not as well documented and students do find that challenging. This is part of developing documentation so processes are captured. It isn't fun and you need people unfamiliar with the process to test the documentation. Eventually it settles out but you have to always be looking for where your documentation is lacking.",Strongly Agree,Strongly Agree,Strongly Agree,Strongly Agree,Strongly Agree,Neutral,Agree,Agree,Agree,Low-hanging fruit;Fun/Peripheral;Core development;Infrastructure/Automation,Neutral,Agree,Agree,Agree,Agree,Neutral,Agree,Neutral,Neutral,Agree,Disagree,Strongly Agree,Strongly Agree,Strongly Agree,Strongly Agree,Strongly Agree,Strongly Agree,Strongly Agree,Strongly Agree,Strongly Agree,Strongly Agree,Agree,Strongly Agree,Strongly Agree,Strongly Agree,Strongly Agree,Strongly Agree,Strongly Agree,Strongly Agree,Strongly Agree,Strongly Agree,Strongly Agree,,Agree,Neutral,Strongly Agree,Strongly Agree,Strongly Agree,Agree,Strongly Agree,Neutral,"In general terms, new community members keep you on your toes and help keep the community vibrant. Our best projects are the ones mentors want to do but can't seem to find time to accomplish.",35,14,Operating Systems,Yes,Male,More than 40,XXX,Yes,"Thanks for doing this survey. Hopefully there will be some interesting insights for projects, mentors, and the OSPO."
5,Strongly Disagree,Disagree,Agree,Strongly Agree,Agree,Strongly Agree,Agree,Strongly Agree,Neutral,Disagree,Agree,Agree,I wanted help to move things forward inside the project.,No,,,,,,,,,Neutral,Disagree,Neutral,Agree,Agree,Neutral,Agree,Disagree,Agree,Agree,Strongly Disagree,Agree,Disagree,Disagree,Disagree,Strongly Agree,Disagree,Disagree,Agree,Disagree,Disagree,Agree,Disagree,Agree,Disagree,Agree,Disagree,Disagree,Low quality of student interaction (a lot of very low effort applications),Neutral,Neutral,Disagree,Disagree,Agree,Agree,Neutral,Disagree,Agree,"Low-hanging fruit;Fun/Peripheral;Infrastructure/Automation;""Tedious"" is not the right word, but tasks that are too time-intensive for maintainers while not being particularly challenging.",Strongly Agree,Strongly Agree,Strongly Agree,Disagree,Strongly Agree,Agree,Strongly Agree,Disagree,Strongly Disagree,Strongly Disagree,Agree,Agree,Disagree,Agree,Strongly Agree,Strongly Agree,Strongly Agree,Strongly Agree,Strongly Agree,Strongly Agree,Neutral,Strongly Agree,Agree,Agree,Disagree,Agree,Agree,Agree,Agree,Agree,Strongly Agree,Agree,,Agree,Neutral,Agree,Neutral,Strongly Agree,Agree,Agree,Agree,The contribution of the student was useful,3,2,Other,No,Male,31-40,XXX,Yes,
6,Strongly Disagree,Strongly Disagree,Strongly Disagree,Strongly Agree,Strongly Disagree,Agree,Disagree,Disagree,Strongly Agree,Strongly Disagree,Neutral,Strongly Agree,I wan to get things done but I can't do it all alone.,Yes,Disagree,Neutral,Strongly Disagree,Strongly Agree,Strongly Agree,Neutral,Neutral,Agree,Strongly Disagree,Strongly Disagree,Agree,Agree,Strongly Disagree,Strongly Disagree,Agree,Agree,Agree,Disagree,Agree,Strongly Disagree,Neutral,Strongly Disagree,Strongly Disagree,Strongly Disagree,Strongly Disagree,Strongly Disagree,Strongly Disagree,Strongly Disagree,Strongly Disagree,Strongly Disagree,Agree,Agree,Agree,Strongly Disagree,Strongly Disagree,Strongly Disagree,Challenged were solved by requiring students to start contributing before the application period. No contribution == proposals get discarded automatically. Proposals are quite meaningless without knowledge of the codebase.,Strongly Agree,Neutral,Strongly Agree,Agree,Agree,Strongly Agree,Strongly Agree,Strongly Agree,Agree,Low-hanging fruit;Risky/Exploratory;Core development,Agree,Strongly Agree,Strongly Agree,Strongly Agree,Strongly Agree,Neutral,Strongly Agree,Agree,Disagree,Strongly Agree,Strongly Agree,Strongly Agree,Strongly Agree,Strongly Agree,Strongly Agree,Strongly Agree,Strongly Agree,Strongly Agree,Strongly Agree,Agree,Strongly Agree,Strongly Agree,Agree,Strongly Agree,Neutral,Strongly Agree,Strongly Agree,Strongly Agree,Strongly Agree,Strongly Agree,Strongly Agree,Strongly Agree,,Strongly Agree,Strongly Agree,Strongly Agree,Strongly Agree,Strongly Agree,Strongly Agree,Strongly Agree,Strongly Agree,,15,5,Other,No,Male,31-40,,No,
7,Strongly Disagree,Strongly Disagree,,Agree,Agree,Neutral,Neutral,Agree,Agree,Neutral,Agree,Agree,GSoC Mentors don't get a payment.,No,,,,,,,,,Strongly Disagree,Strongly Disagree,Disagree,Disagree,Disagree,Neutral,Disagree,Strongly Disagree,Agree,Agree,Disagree,Disagree,Disagree,Disagree,Strongly Disagree,Strongly Disagree,Strongly Agree,Neutral,Agree,Neutral,Strongly Disagree,Strongly Disagree,Strongly Disagree,Strongly Disagree,Disagree,Strongly Disagree,Strongly Disagree,Strongly Disagree,,Strongly Agree,Agree,Neutral,Neutral,Agree,Strongly Agree,Strongly Agree,Strongly Agree,Strongly Agree,Low-hanging fruit;Risky/Exploratory;Fun/Peripheral;Core development;Infrastructure/Automation,Neutral,Strongly Agree,Agree,Neutral,Agree,Strongly Disagree,Disagree,Neutral,Strongly Disagree,Strongly Disagree,Disagree,Agree,Strongly Agree,Neutral,Strongly Agree,Strongly Agree,Strongly Agree,Strongly Agree,Strongly Agree,Strongly Agree,Strongly Agree,Disagree,Disagree,Agree,Disagree,Disagree,Agree,Neutral,Strongly Agree,Agree,Agree,Agree,,Agree,Agree,Agree,Agree,Agree,Agree,Agree,Strongly Disagree,,2,5,Science and Medicine,No,Male,31-40,,No,
8,Strongly Disagree,Disagree,Agree,Strongly Agree,Agree,Strongly Agree,Strongly Agree,Neutral,Strongly Agree,Strongly Disagree,Agree,Agree,,No,,,,,,,,,Neutral,Neutral,Disagree,Disagree,Disagree,Disagree,Disagree,Strongly Disagree,Neutral,Agree,Strongly Disagree,Strongly Disagree,Disagree,Disagree,Disagree,Strongly Disagree,Strongly Disagree,Strongly Disagree,Strongly Disagree,Strongly Disagree,Strongly Disagree,Strongly Disagree,Strongly Disagree,Strongly Disagree,Strongly Disagree,Strongly Disagree,Strongly Disagree,Strongly Disagree,,Strongly Agree,Agree,Strongly Agree,Strongly Agree,Strongly Agree,Strongly Agree,Strongly Agree,Strongly Agree,Strongly Agree,"Fun/Peripheral;Core development;An important (useful for the community of users) addition to the project that isn't yet implemented. This will motivate the student to work hard on it, and get good visibility from the users community once its completed.",Neutral,Strongly Agree,Neutral,Strongly Agree,Agree,Disagree,Agree,Strongly Disagree,Strongly Disagree,Strongly Disagree,Neutral,Disagree,Strongly Agree,Strongly Agree,Agree,Strongly Agree,Strongly Agree,Strongly Agree,Strongly Agree,Strongly Agree,Strongly Agree,Agree,Strongly Agree,Strongly Agree,Agree,Agree,Strongly Agree,Strongly Agree,Strongly Agree,Strongly Agree,Strongly Agree,Strongly Agree,,Strongly Agree,Strongly Agree,Strongly Agree,Strongly Agree,Strongly Agree,Strongly Agree,Strongly Agree,Strongly Disagree,,7,2,Science and Medicine,No,Male,31-40,,No,
9,Neutral,Neutral,Agree,Strongly Agree,Neutral,Strongly Agree,Strongly Agree,Agree,Strongly Agree,Neutral,Strongly Agree,Agree,,Yes,Neutral,Agree,Strongly Disagree,Neutral,Strongly Disagree,Strongly Disagree,Strongly Disagree,Strongly Disagree,Strongly Disagree,Strongly Disagree,Neutral,Agree,Neutral,Neutral,Strongly Disagree,Disagree,Disagree,Disagree,Disagree,Disagree,Neutral,Agree,Strongly Agree,Agree,Strongly Agree,Neutral,Disagree,Neutral,Strongly Disagree,Neutral,Strongly Disagree,Strongly Disagree,Neutral,Disagree,Agree,Strongly Disagree,,Strongly Agree,Strongly Agree,Agree,Strongly Agree,Agree,Strongly Agree,Strongly Agree,Strongly Agree,Strongly Agree,Low-hanging fruit;Fun/Peripheral;Core development,Agree,Neutral,Agree,Neutral,Strongly Agree,Disagree,Agree,Disagree,Agree,Strongly Agree,Strongly Agree,Strongly Agree,Strongly Agree,Strongly Agree,Strongly Agree,Strongly Agree,Strongly Agree,Strongly Agree,Strongly Agree,Strongly Agree,Strongly Agree,Strongly Agree,Strongly Agree,Strongly Agree,Agree,Strongly Agree,Strongly Agree,Strongly Agree,Strongly Agree,Strongly Agree,Strongly Agree,Strongly Agree,Communicate daily or near-daily,Strongly Agree,Strongly Agree,Strongly Agree,Strongly Agree,Agree,Agree,Strongly Agree,Neutral,"Improved code, new features, some new contributors",17,6,Science and Medicine,No,Male,More than 40,XXX,No,
10,Strongly Disagree,Strongly Disagree,Strongly Disagree,Agree,Strongly Disagree,Strongly Agree,Strongly Agree,Neutral,Neutral,Strongly Disagree,Neutral,Strongly Disagree,I enjoy mentoring.,No,I don't know,I don't know,I don't know,I don't know,I don't know,I don't know,I don't know,I don't know,Neutral,Agree,Neutral,Agree,Disagree,Disagree,Disagree,Strongly Disagree,Strongly Disagree,Strongly Disagree,Strongly Disagree,Strongly Disagree,Strongly Disagree,Neutral,Agree,Disagree,Neutral,Neutral,Strongly Disagree,Strongly Disagree,Strongly Disagree,Strongly Disagree,Strongly Disagree,Strongly Disagree,Agree,Neutral,Strongly Disagree,Strongly Disagree,,Agree,Agree,Agree,Agree,Agree,Agree,Agree,Agree,I don't know,Fun/Peripheral;Core development,Agree,Neutral,Neutral,Disagree,Strongly Agree,Strongly Disagree,Neutral,Neutral,Neutral,Agree,Agree,Strongly Disagree,Strongly Agree,Agree,Strongly Agree,Agree,Strongly Agree,Strongly Agree,Strongly Agree,Agree,Agree,Agree,Agree,Neutral,Agree,Agree,Strongly Agree,Strongly Agree,Strongly Agree,Strongly Agree,Strongly Agree,Strongly Agree,,Neutral,Neutral,Neutral,Neutral,Agree,Neutral,Strongly Disagree,Strongly Disagree,,20+,7,Operating Systems,No,Male,31-40,XXX,Yes,I look forward to reading your results!
11,Agree,Neutral,Agree,Agree,Agree,Agree,Agree,Agree,Agree,Agree,Agree,Agree,,No,Disagree,Disagree,Agree,Agree,Disagree,Disagree,Agree,Disagree,Disagree,Disagree,Disagree,Disagree,Disagree,Disagree,Disagree,Neutral,Neutral,Neutral,Neutral,Neutral,Neutral,Neutral,Neutral,Neutral,Neutral,Neutral,Neutral,Neutral,Neutral,Neutral,Neutral,Neutral,Neutral,Neutral,Neutral,Neutral,,Agree,Agree,Agree,Agree,Agree,Agree,Agree,Agree,Agree,Fun/Peripheral;Core development;Infrastructure/Automation,Neutral,Neutral,Neutral,Neutral,Neutral,Neutral,Neutral,Neutral,Neutral,Neutral,Neutral,Neutral,Neutral,Neutral,Neutral,Neutral,Neutral,Neutral,Neutral,Neutral,Neutral,Neutral,Neutral,Neutral,Neutral,Neutral,Neutral,Neutral,Neutral,Neutral,Neutral,Neutral,,Agree,Agree,Agree,Agree,Agree,Agree,Agree,Agree,,4,1,Operating Systems,No,Female,21-25,,Yes,
12,Neutral,Agree,Neutral,Strongly Agree,Agree,Neutral,Strongly Agree,Strongly Agree,Strongly Agree,Neutral,Agree,Neutral,,No,,,,,,,,,Disagree,Neutral,Agree,Agree,Strongly Disagree,Strongly Disagree,Disagree,Strongly Disagree,Disagree,Neutral,Strongly Disagree,Neutral,Neutral,Strongly Disagree,Disagree,Strongly Agree,Strongly Disagree,Strongly Disagree,Neutral,Strongly Disagree,Strongly Disagree,Strongly Disagree,Strongly Disagree,Strongly Disagree,Agree,Strongly Disagree,Strongly Disagree,Strongly Disagree,,,,,,,,,,,Low-hanging fruit;Risky/Exploratory;Infrastructure/Automation,Agree,Neutral,Strongly Agree,Agree,Strongly Agree,Strongly Disagree,Agree,Neutral,Strongly Disagree,Strongly Disagree,Agree,Strongly Agree,Strongly Agree,Strongly Agree,Strongly Agree,Agree,Strongly Agree,Strongly Agree,Strongly Agree,Agree,Strongly Agree,Neutral,Agree,Neutral,Strongly Agree,Strongly Agree,Strongly Agree,Agree,Agree,Strongly Agree,Strongly Agree,Strongly Agree,,Strongly Agree,Strongly Agree,Neutral,Agree,Strongly Agree,Agree,I don't know,Strongly Disagree,,,1,Data and Databases,Yes,Prefer not to say,31-40,,No,
13,Strongly Disagree,Strongly Disagree,Agree,Agree,Agree,Neutral,Agree,Neutral,Strongly Agree,Neutral,Agree,Neutral,,No,,,,,,,,,Disagree,Disagree,Agree,Strongly Agree,Neutral,Agree,Disagree,Neutral,Agree,Neutral,I don't know,Agree,Disagree,Agree,Neutral,Neutral,Agree,Disagree,Disagree,Agree,Disagree,Disagree,Disagree,Disagree,Agree,Agree,Neutral,Disagree,,Strongly Agree,Agree,Disagree,Agree,I don't know,I don't know,Agree,Agree,Strongly Agree,Risky/Exploratory;Core development,Agree,Disagree,Agree,Neutral,Disagree,Strongly Disagree,Neutral,Disagree,Disagree,Agree,Disagree,Strongly Disagree,Strongly Agree,Strongly Agree,Agree,Neutral,Agree,Strongly Agree,Agree,Agree,Agree,Neutral,Agree,Disagree,Neutral,I don't know,Neutral,Agree,Neutral,Agree,Agree,Agree,,Agree,Neutral,Agree,Agree,Disagree,Neutral,Agree,Strongly Disagree,,5,4,Data and Databases,No,Male,26-30,XXX,Yes,
14,Strongly Disagree,Agree,Agree,Strongly Agree,Disagree,Neutral,Disagree,Neutral,Neutral,Agree,Neutral,Agree,,No,,,,,,,,,Disagree,Neutral,Strongly Agree,Agree,Disagree,Disagree,Disagree,I don't know,Neutral,Strongly Agree,Disagree,Disagree,Disagree,Neutral,Agree,Agree,Neutral,Neutral,Strongly Agree,Disagree,Strongly Disagree,Strongly Agree,Agree,Disagree,Neutral,Neutral,Strongly Disagree,Neutral,,I don't know,Agree,Strongly Agree,Strongly Agree,Disagree,I don't know,Disagree,I don't know,Strongly Agree,Low-hanging fruit;Fun/Peripheral;Infrastructure/Automation,Disagree,Strongly Agree,Agree,Strongly Agree,Strongly Agree,Strongly Disagree,Agree,Disagree,Strongly Disagree,Strongly Disagree,Disagree,Neutral,Agree,Neutral,Neutral,Strongly Agree,Strongly Agree,Strongly Agree,Strongly Agree,Agree,Neutral,Disagree,Agree,Strongly Agree,Neutral,Strongly Disagree,Agree,Agree,Strongly Agree,Agree,Agree,Agree,,Agree,Neutral,Agree,Neutral,Agree,Agree,Strongly Agree,Disagree,,12,5,Operating Systems,Yes,Male,31-40,,No,
15,Disagree,Strongly Disagree,Neutral,Strongly Agree,Agree,Strongly Agree,Agree,Neutral,Agree,Neutral,Strongly Agree,Agree,,Yes,Agree,Agree,Strongly Agree,Neutral,Strongly Disagree,Strongly Disagree,Strongly Disagree,Strongly Disagree,Disagree,Agree,Agree,Agree,Agree,Neutral,Neutral,Disagree,Disagree,Neutral,Disagree,Agree,Agree,Neutral,Agree,Strongly Agree,Disagree,Disagree,Agree,Disagree,Strongly Disagree,Strongly Disagree,Strongly Disagree,Disagree,Disagree,Strongly Disagree,Agree,Disagree,,Strongly Agree,Strongly Agree,Strongly Agree,Strongly Agree,Strongly Agree,Strongly Agree,Neutral,Strongly Agree,Strongly Agree,Risky/Exploratory;Fun/Peripheral;Core development;Infrastructure/Automation,Neutral,Strongly Agree,Neutral,Agree,Agree,Disagree,Strongly Agree,Agree,Agree,Strongly Agree,Agree,Neutral,Strongly Agree,Neutral,Agree,Agree,Strongly Agree,Strongly Agree,Strongly Agree,Strongly Agree,Strongly Agree,Strongly Agree,Strongly Agree,Strongly Agree,Strongly Agree,Strongly Agree,Strongly Agree,Strongly Agree,Strongly Agree,Strongly Agree,Agree,Neutral,,Agree,Agree,Strongly Agree,Strongly Agree,Strongly Agree,Strongly Agree,Strongly Agree,Disagree,,6,5,End-User Applications,No,Male,26-30,,No,
16,Strongly Disagree,Strongly Disagree,Agree,Strongly Agree,Neutral,Strongly Agree,Agree,Agree,Strongly Agree,Agree,Strongly Agree,Agree,,No,,,,,,,,,Agree,Strongly Agree,Neutral,Agree,Disagree,Agree,Disagree,Strongly Disagree,Disagree,Strongly Disagree,Strongly Disagree,Strongly Disagree,Agree,Neutral,Disagree,Agree,Agree,Strongly Disagree,Strongly Disagree,Agree,Strongly Disagree,Agree,Agree,Agree,Agree,Agree,Strongly Disagree,Strongly Disagree,,Agree,Agree,Neutral,Agree,Neutral,Disagree,Agree,Strongly Agree,Disagree,Low-hanging fruit;Fun/Peripheral,Disagree,Strongly Disagree,Disagree,Disagree,Agree,Strongly Disagree,Neutral,Strongly Disagree,Strongly Disagree,Disagree,Strongly Disagree,Disagree,Agree,Disagree,Strongly Agree,Neutral,Strongly Agree,Strongly Agree,Strongly Agree,Agree,Strongly Agree,Neutral,Neutral,Neutral,Disagree,Neutral,Disagree,Neutral,Neutral,Neutral,Agree,Neutral,,Agree,Agree,Strongly Agree,Agree,Strongly Agree,Neutral,Agree,Strongly Disagree,,2,1,End-User Applications,No,Male,21-25,XXX,Yes,
17,Strongly Disagree,Strongly Disagree,Strongly Disagree,Strongly Agree,Agree,Strongly Agree,Strongly Agree,Neutral,Agree,Strongly Disagree,Neutral,,,Yes,Agree,Strongly Agree,Strongly Agree,Strongly Agree,Strongly Disagree,Strongly Disagree,Agree,Neutral,Neutral,Agree,Agree,Neutral,Neutral,Agree,Agree,Strongly Disagree,Strongly Disagree,Strongly Disagree,Strongly Disagree,Strongly Disagree,Strongly Disagree,Strongly Disagree,Strongly Disagree,Agree,Strongly Disagree,Strongly Disagree,Agree,Neutral,Strongly Disagree,Agree,Agree,Agree,Neutral,Neutral,Neutral,Neutral,,Agree,Agree,Agree,Agree,Agree,Strongly Agree,Agree,Strongly Agree,Agree,Low-hanging fruit;Risky/Exploratory;Fun/Peripheral;Core development;Infrastructure/Automation,Neutral,Agree,Strongly Agree,Neutral,Agree,Neutral,Agree,Agree,Neutral,Neutral,Neutral,Agree,Agree,Disagree,Agree,Agree,Agree,Agree,I don't know,I don't know,Agree,Agree,Strongly Agree,Agree,Agree,Agree,Strongly Agree,Strongly Agree,Strongly Agree,Agree,Agree,Agree,,Agree,Agree,Agree,Agree,Strongly Agree,Agree,Agree,Agree,,20,8,Graphics / Video / Audio / Virtual Reality,No,Male,More than 40,,,
18,Neutral,Agree,Agree,Strongly Agree,Neutral,Strongly Agree,Agree,Agree,Agree,Neutral,Agree,Agree,,Yes,Agree,Strongly Agree,Strongly Agree,Neutral,Disagree,Neutral,Neutral,Strongly Agree,Neutral,Neutral,Agree,Strongly Agree,Neutral,Neutral,Neutral,Disagree,Disagree,Neutral,Disagree,Agree,Strongly Agree,Strongly Agree,Neutral,Strongly Agree,Strongly Disagree,Strongly Disagree,Neutral,Agree,Neutral,Neutral,Disagree,Disagree,Agree,Agree,Strongly Agree,Neutral,,Strongly Agree,Agree,Strongly Agree,Strongly Agree,Strongly Agree,Strongly Agree,Agree,Strongly Agree,Strongly Agree,Low-hanging fruit;Fun/Peripheral;Core development;Infrastructure/Automation,Agree,Disagree,Agree,Agree,Agree,Neutral,Agree,Agree,Neutral,Strongly Agree,Agree,Agree,Agree,Neutral,Neutral,Agree,Agree,Strongly Agree,Neutral,Agree,Agree,Strongly Agree,Agree,Agree,Neutral,Agree,Agree,Agree,Neutral,Agree,Agree,Agree,,Agree,Agree,Agree,Agree,Agree,Agree,Agree,Neutral,,12,8,Cloud,Yes,Male,31-40,XXX,Yes,
19,Strongly Disagree,Strongly Disagree,Disagree,Neutral,Disagree,Strongly Agree,Agree,Disagree,Disagree,Strongly Agree,Neutral,Neutral,"GsoC is one of the main channels for new contributors to the project _ it's how I got involved many years ago, and it's lead to lots of other stable contributors (and of course many more who disappeared, but that's just how it is). Without GsoC, we wouldn't have nearly as much development of new features and tools and resources. I don't particularly like being a mentor, but I see that it leads to so much good for the project (and I have other mentors with me which lightens the load) so I do it anyway.",Yes,Neutral,Neutral,Strongly Agree,Agree,Disagree,Strongly Disagree,Strongly Disagree,Neutral,Disagree,Neutral,Agree,Agree,Neutral,Neutral,Neutral,Disagree,Neutral,Neutral,Strongly Disagree,Disagree,Disagree,Agree,Disagree,Agree,Neutral,Neutral,Neutral,Disagree,Disagree,Agree,Disagree,Neutral,Agree,Agree,Disagree,Disagree,Mostly just finding enough time when I'm supposed to be on summer holiday,Agree,Agree,Strongly Agree,Strongly Agree,Strongly Agree,I don't know,Agree,Strongly Agree,Strongly Agree,"Risky/Exploratory;Fun/Peripheral;Core development;Depends on the student. Those who've been with us a while can do more core stuff (maybe even touching infrastructure), while newcomers should stay with projects that aren't depended on by others. Low-hanging fruit seems more like GCI work or something we'd do when we have some minutes free or something to show you can code during application.",Strongly Agree,Strongly Agree,Agree,Agree,Agree,Disagree,Agree,Agree,Disagree,Strongly Agree,Agree,Strongly Agree,Strongly Agree,Agree,Agree,Agree,Agree,Agree,Agree,Agree,Strongly Agree,Agree,Agree,Strongly Agree,Neutral,Agree,Agree,Agree,Strongly Agree,Strongly Agree,Strongly Agree,Strongly Agree,,Neutral,Agree,Agree,Agree,Neutral,Agree,Agree,Strongly Disagree,"our gsoc money goes to an org-wide fund used for infrastructure, also people can apply for some to go to conferences",13,10,Other,Yes,Prefer not to say,31-40,,No,
20,Disagree,Disagree,Disagree,Agree,Disagree,Strongly Agree,Agree,Neutral,Agree,Neutral,Neutral,Neutral,,Yes,,,,,,,,,Neutral,Strongly Agree,Disagree,Disagree,Agree,Agree,Neutral,Disagree,Disagree,Strongly Agree,Disagree,Agree,Agree,Neutral,Strongly Agree,Agree,Disagree,Agree,Agree,Agree,Disagree,Disagree,Agree,Agree,Strongly Agree,Neutral,Agree,Agree,,Strongly Agree,Agree,Neutral,Neutral,Agree,Neutral,Neutral,Agree,Disagree,Risky/Exploratory;Core development;Infrastructure/Automation,Agree,Strongly Agree,Strongly Agree,Agree,Strongly Agree,Strongly Disagree,Agree,Neutral,Neutral,Disagree,Agree,Strongly Agree,Strongly Agree,Strongly Agree,Strongly Agree,Strongly Disagree,Agree,Agree,Strongly Agree,Neutral,Agree,Strongly Agree,Disagree,Agree,Agree,Agree,Agree,Disagree,Strongly Agree,Agree,Agree,Agree,,Agree,Disagree,Disagree,Agree,Agree,Neutral,Neutral,Neutral,,17,10,End-User Applications,No,Male,31-40,,No,
21,Neutral,Strongly Agree,Strongly Disagree,Agree,Strongly Disagree,Strongly Agree,Agree,Strongly Disagree,Agree,Strongly Disagree,Agree,Agree,,No,,,,,,,,,Strongly Disagree,Disagree,Agree,Agree,Disagree,Strongly Disagree,Disagree,Strongly Disagree,Strongly Disagree,Strongly Disagree,Strongly Disagree,Strongly Disagree,Agree,Agree,Strongly Disagree,Neutral,Strongly Disagree,Strongly Disagree,Strongly Disagree,Strongly Disagree,Strongly Disagree,Strongly Disagree,Strongly Disagree,Strongly Disagree,Strongly Disagree,Strongly Disagree,Strongly Disagree,Strongly Disagree,,Strongly Agree,Strongly Agree,Strongly Agree,Strongly Agree,Strongly Agree,Strongly Agree,Neutral,Strongly Agree,Disagree,Low-hanging fruit;Fun/Peripheral;Core development,Disagree,Strongly Agree,Strongly Agree,Agree,Strongly Agree,Strongly Disagree,Agree,Strongly Disagree,Strongly Disagree,Neutral,Disagree,Disagree,Strongly Agree,Strongly Agree,Strongly Agree,Strongly Agree,Strongly Agree,Strongly Agree,Strongly Agree,Strongly Agree,Strongly Agree,Strongly Agree,Agree,Strongly Agree,Strongly Agree,Neutral,Neutral,Agree,Agree,Agree,Agree,Disagree,,Strongly Agree,Strongly Agree,Neutral,Neutral,Disagree,Strongly Disagree,Strongly Disagree,Strongly Disagree,,5,4,Other,No,Male,More than 40,,No,
22,Strongly Disagree,Neutral,Agree,Strongly Agree,Neutral,Neutral,Strongly Agree,Agree,Strongly Agree,Disagree,Strongly Agree,Strongly Agree,,Yes,Disagree,Agree,Disagree,Agree,Strongly Disagree,Strongly Disagree,Strongly Disagree,Agree,Strongly Disagree,Agree,Neutral,Neutral,Disagree,Disagree,Disagree,Strongly Agree,Neutral,Agree,Agree,Disagree,Strongly Disagree,Disagree,Neutral,Agree,Disagree,Disagree,Agree,I don't know,Strongly Disagree,Neutral,Strongly Disagree,Agree,Agree,Disagree,I don't know,Agree,,Strongly Agree,Agree,Strongly Agree,Strongly Agree,Agree,Strongly Agree,Agree,Strongly Agree,Strongly Agree,Risky/Exploratory;Fun/Peripheral;Infrastructure/Automation,Disagree,Agree,Agree,Agree,Disagree,Strongly Disagree,Agree,I don't know,Disagree,Disagree,I don't know,Neutral,Strongly Agree,Agree,Strongly Agree,Agree,Strongly Agree,Strongly Agree,Strongly Agree,Strongly Agree,Agree,Disagree,Agree,Agree,Strongly Agree,Agree,Agree,Strongly Agree,Agree,Neutral,Agree,Strongly Agree,,Strongly Agree,Agree,Neutral,Neutral,Strongly Agree,Neutral,Strongly Agree,I don't know,,4,3,End-User Applications,Yes,Male,21-25,,No,
23,Strongly Disagree,Strongly Disagree,Strongly Agree,Agree,Strongly Agree,Neutral,Strongly Disagree,Strongly Disagree,Strongly Disagree,Strongly Agree,Strongly Disagree,Strongly Disagree,,No,,,,,,,,,Strongly Disagree,Strongly Disagree,Strongly Disagree,Strongly Disagree,Strongly Disagree,Strongly Disagree,Strongly Disagree,Strongly Disagree,Strongly Disagree,Strongly Disagree,Strongly Disagree,Strongly Disagree,Strongly Disagree,Strongly Disagree,Strongly Disagree,Strongly Disagree,Strongly Disagree,Strongly Disagree,Strongly Disagree,Strongly Disagree,Strongly Disagree,Strongly Disagree,Strongly Disagree,Strongly Disagree,Strongly Disagree,Strongly Disagree,Strongly Disagree,Strongly Disagree,,Neutral,Neutral,Neutral,Neutral,Neutral,Neutral,Neutral,Neutral,Neutral,Core development,Strongly Disagree,Strongly Disagree,Strongly Disagree,Strongly Disagree,Strongly Disagree,I don't know,Strongly Disagree,Strongly Disagree,Strongly Disagree,Strongly Disagree,I don't know,Strongly Disagree,I don't know,I don't know,I don't know,I don't know,I don't know,I don't know,Strongly Disagree,Strongly Disagree,Neutral,I don't know,I don't know,I don't know,Neutral,Strongly Disagree,Neutral,I don't know,Neutral,Neutral,Neutral,Neutral,,Neutral,Neutral,Neutral,Neutral,Neutral,Neutral,Neutral,Neutral,,3 months,1,Social / Communications,No,Male,18-20,,No,Very long form
24,Strongly Disagree,Agree,Neutral,Strongly Agree,Disagree,Agree,Agree,Agree,Strongly Agree,Neutral,Agree,Agree,,Yes,Disagree,Disagree,Strongly Disagree,I don't know,Strongly Disagree,Strongly Disagree,Strongly Disagree,Disagree,Strongly Disagree,Disagree,Disagree,Disagree,Disagree,Disagree,Disagree,Disagree,Disagree,Disagree,Disagree,Disagree,Disagree,Disagree,Disagree,Disagree,Disagree,Disagree,Disagree,Disagree,Disagree,Neutral,Neutral,Disagree,Disagree,Disagree,Disagree,Disagree,,Agree,Strongly Agree,Strongly Agree,Strongly Agree,Strongly Agree,Strongly Agree,Strongly Agree,Strongly Agree,Strongly Agree,Low-hanging fruit;Fun/Peripheral;Infrastructure/Automation,Agree,Strongly Agree,Agree,Strongly Agree,Strongly Agree,Strongly Disagree,Strongly Agree,Neutral,Agree,Strongly Agree,Neutral,Strongly Disagree,Strongly Agree,Strongly Agree,Strongly Agree,Agree,Agree,Agree,Strongly Agree,Strongly Agree,Strongly Agree,Agree,Strongly Agree,Strongly Agree,Agree,Strongly Agree,Strongly Agree,Strongly Agree,Strongly Agree,Agree,Strongly Agree,Strongly Agree,,Strongly Agree,Strongly Agree,Agree,Agree,Agree,Agree,Agree,I don't know,,3,1,Other,Yes,Prefer not to say,21-25,,No,
25,Disagree,Agree,Agree,Agree,Agree,Agree,Agree,Agree,Agree,Agree,Agree,Agree,,No,,,,,,,,,Disagree,Disagree,Agree,Neutral,Neutral,Neutral,Strongly Agree,Disagree,Disagree,Agree,Disagree,Disagree,Disagree,Neutral,Disagree,Disagree,Disagree,Disagree,Disagree,Disagree,Disagree,Disagree,,Disagree,Disagree,Disagree,Disagree,Disagree,,Agree,Strongly Agree,Strongly Agree,Strongly Agree,Agree,Agree,Strongly Agree,Strongly Agree,Strongly Agree,Risky/Exploratory;Core development,Agree,Strongly Agree,Strongly Agree,Strongly Agree,Strongly Agree,Disagree,Agree,Disagree,Disagree,Agree,Agree,Disagree,Agree,Agree,Agree,Agree,Agree,Agree,Agree,Agree,Agree,Agree,Agree,Agree,Agree,Agree,Agree,Agree,Agree,Agree,Agree,Agree,,Agree,Disagree,Agree,Agree,Agree,Agree,Agree,Neutral,,1,1,Programming Languages and Development Tools,Yes,Male,21-25,XXX,No,
26,Strongly Disagree,Strongly Disagree,Disagree,Agree,Neutral,Strongly Agree,Strongly Agree,Neutral,Agree,Neutral,Neutral,Agree,This is the right thing to do and is a way to give back.,Yes,Disagree,Disagree,Strongly Disagree,Strongly Disagree,Strongly Disagree,Strongly Disagree,Strongly Disagree,Strongly Disagree,Strongly Disagree,Disagree,Strongly Disagree,Strongly Disagree,Disagree,Disagree,Strongly Disagree,Strongly Disagree,Strongly Disagree,Strongly Disagree,Strongly Disagree,Strongly Disagree,Strongly Disagree,Strongly Disagree,Strongly Disagree,Disagree,Strongly Disagree,Disagree,Disagree,Strongly Disagree,Strongly Disagree,Neutral,Strongly Disagree,Strongly Disagree,Strongly Disagree,Strongly Disagree,Strongly Disagree,Strongly Disagree,"Overall discrepancy between what CS students learn in their universities and what real software engineering is about, e.g., programming over time, with design, testing, documentation and code quality being important.",Strongly Agree,Strongly Agree,Strongly Agree,Neutral,Strongly Agree,Strongly Disagree,Agree,Strongly Agree,Strongly Agree,Low-hanging fruit;Risky/Exploratory;Fun/Peripheral,Agree,Strongly Agree,Strongly Agree,Strongly Agree,Strongly Agree,Agree,Strongly Agree,Strongly Agree,Strongly Agree,Strongly Agree,Agree,Strongly Agree,Agree,Strongly Agree,Strongly Agree,Strongly Agree,Strongly Agree,Strongly Agree,Strongly Agree,Strongly Agree,Strongly Agree,Strongly Agree,Strongly Agree,Strongly Agree,Neutral,Agree,Strongly Agree,Strongly Agree,Strongly Agree,Strongly Agree,Strongly Agree,Strongly Agree,Integrate students in weekly community online calls. Ensure that students can each present their project and project progress to the comminuty.,Agree,Agree,Strongly Agree,Agree,Strongly Agree,Agree,Strongly Agree,Disagree,,30,10,Security,Yes,Male,More than 40,XXX,Yes,This looks like an interesting study!
27,Strongly Disagree,Disagree,Disagree,Neutral,Strongly Disagree,Strongly Agree,Strongly Disagree,Strongly Disagree,Strongly Disagree,Agree,Strongly Disagree,Strongly Disagree,,No,,,,,,,,,Disagree,Disagree,Disagree,Disagree,Strongly Disagree,Strongly Disagree,Strongly Disagree,Strongly Disagree,Disagree,I don't know,Strongly Disagree,Agree,Agree,I don't know,Neutral,Neutral,Strongly Disagree,Disagree,Strongly Disagree,Strongly Disagree,Strongly Disagree,Strongly Disagree,Agree,I don't know,Neutral,Strongly Disagree,Strongly Disagree,Agree,,Strongly Agree,Strongly Agree,I don't know,Strongly Agree,Strongly Agree,Strongly Agree,Strongly Agree,Strongly Agree,Strongly Agree,,Strongly Agree,Strongly Agree,Disagree,Strongly Disagree,Strongly Disagree,,Disagree,Strongly Disagree,Strongly Disagree,Strongly Agree,Disagree,,Strongly Agree,Strongly Agree,Strongly Agree,Agree,Neutral,Strongly Agree,Strongly Agree,Strongly Agree,Strongly Agree,Disagree,Agree,Agree,Strongly Agree,Strongly Agree,Strongly Agree,Strongly Agree,Strongly Agree,Agree,Strongly Agree,Strongly Agree,,Disagree,Neutral,Neutral,,Agree,Disagree,I don't know,Agree,,20,4,End-User Applications,No,Male,More than 40,,No,
28,Strongly Disagree,Agree,Strongly Disagree,Strongly Agree,Agree,Strongly Agree,Strongly Agree,Neutral,Neutral,Strongly Agree,Strongly Agree,Agree,,Yes,Strongly Disagree,Strongly Disagree,Strongly Disagree,Strongly Disagree,Strongly Disagree,Strongly Disagree,Strongly Disagree,Strongly Disagree,Strongly Disagree,Strongly Agree,Strongly Disagree,Strongly Disagree,Neutral,Strongly Disagree,Strongly Disagree,Strongly Disagree,Strongly Disagree,Strongly Disagree,Strongly Disagree,Strongly Disagree,Strongly Disagree,Strongly Disagree,Strongly Disagree,Strongly Disagree,Strongly Disagree,Strongly Disagree,Neutral,Strongly Disagree,Strongly Disagree,Strongly Disagree,Strongly Disagree,Strongly Disagree,Strongly Disagree,Strongly Disagree,Strongly Disagree,Strongly Disagree,,Strongly Agree,Strongly Agree,Agree,Strongly Agree,Strongly Agree,Strongly Agree,Strongly Agree,Strongly Agree,Strongly Agree,Risky/Exploratory;Fun/Peripheral;Core development;Infrastructure/Automation,Neutral,Strongly Agree,Agree,Agree,Agree,Strongly Disagree,Strongly Agree,Neutral,Strongly Disagree,Agree,Strongly Agree,Agree,Strongly Agree,Strongly Agree,Strongly Agree,Strongly Agree,Strongly Agree,Strongly Agree,Strongly Agree,Strongly Agree,Strongly Agree,Strongly Agree,Strongly Agree,Strongly Agree,Agree,Agree,Strongly Agree,Strongly Agree,Strongly Agree,Strongly Agree,Strongly Agree,Strongly Agree,,Agree,Strongly Agree,Strongly Agree,Agree,Strongly Agree,Neutral,Strongly Agree,Strongly Disagree,,5,3,Data and Databases,Yes,Male,21-25,XXX,No,
29,Agree,Agree,Agree,Strongly Agree,Agree,Neutral,Strongly Agree,Neutral,Agree,Neutral,Strongly Agree,Strongly Agree,,No,,,,,,,,,Disagree,Disagree,Disagree,Disagree,I don't know,Neutral,Disagree,Disagree,Disagree,Neutral,Neutral,Neutral,Neutral,Neutral,Neutral,Neutral,Disagree,Disagree,Disagree,Disagree,Disagree,Disagree,Disagree,Disagree,Disagree,Disagree,Neutral,Disagree,,Strongly Agree,Strongly Agree,Strongly Agree,Strongly Agree,Strongly Agree,Disagree,Strongly Agree,Strongly Agree,Strongly Agree,Fun/Peripheral,Strongly Agree,Strongly Agree,Strongly Agree,Strongly Agree,Strongly Agree,Neutral,Neutral,Neutral,Neutral,Strongly Disagree,Strongly Disagree,Strongly Disagree,Strongly Agree,Strongly Agree,Strongly Agree,Strongly Agree,Strongly Agree,Strongly Agree,Strongly Agree,Strongly Agree,Strongly Agree,Strongly Agree,Strongly Agree,Strongly Agree,Strongly Agree,Neutral,Neutral,Strongly Agree,Strongly Agree,Strongly Agree,Strongly Agree,Strongly Agree,,Strongly Agree,Strongly Agree,Strongly Agree,Strongly Agree,Strongly Agree,Strongly Agree,Strongly Agree,Strongly Agree,,5,3,Programming Languages and Development Tools,No,Female,31-40,XXX,No,
30,Strongly Disagree,Neutral,Disagree,Agree,Strongly Disagree,Strongly Agree,Agree,Disagree,Agree,Neutral,Strongly Agree,Strongly Agree,,Yes,Disagree,Agree,Strongly Disagree,Strongly Agree,Neutral,Neutral,Agree,Neutral,Strongly Disagree,Neutral,Disagree,Agree,Neutral,Disagree,Disagree,I don't know,Disagree,Disagree,I don't know,I don't know,Disagree,Disagree,Disagree,Disagree,Disagree,Disagree,Disagree,Disagree,Disagree,Disagree,Disagree,Disagree,Disagree,Disagree,Disagree,Disagree,,Strongly Agree,Agree,Agree,Agree,Agree,Agree,Agree,Agree,Agree,Low-hanging fruit;Risky/Exploratory;Fun/Peripheral;Core development;Infrastructure/Automation,Disagree,Disagree,Agree,Disagree,Agree,Strongly Disagree,Agree,Disagree,Disagree,Disagree,Strongly Disagree,Disagree,Agree,Agree,Strongly Agree,Strongly Agree,Agree,Agree,Agree,Agree,Strongly Agree,Agree,Strongly Agree,Neutral,Agree,I don't know,Agree,Strongly Agree,I don't know,Agree,Agree,Agree,,Neutral,Neutral,Neutral,Neutral,Strongly Agree,Neutral,Neutral,Strongly Disagree,,9,3,Operating Systems,No,Male,26-30,,No,
31,Strongly Disagree,Agree,Neutral,Strongly Agree,Neutral,Agree,Strongly Agree,Strongly Agree,Agree,Neutral,Strongly Agree,Neutral,"My reasoning that keeps me further motivated is the fact that I love teaching people new skills, abilities, and whatnot. I think sharing knowledge with other people, with such knowledge you've been given from, is caring.",No,,,,,,,,,Disagree,Neutral,Agree,Agree,Strongly Agree,Neutral,Agree,Neutral,Disagree,Disagree,Disagree,Neutral,I don't know,Disagree,Strongly Disagree,Strongly Disagree,Strongly Disagree,Strongly Disagree,Agree,Agree,Strongly Disagree,Strongly Disagree,Strongly Disagree,Strongly Disagree,Disagree,Disagree,Strongly Disagree,Strongly Disagree,,Strongly Agree,Agree,Strongly Agree,Strongly Agree,Neutral,Strongly Agree,Strongly Agree,Strongly Agree,Strongly Agree,Core development,Strongly Agree,Agree,Strongly Agree,Agree,Agree,Disagree,Disagree,Neutral,Disagree,Disagree,Neutral,Neutral,Agree,Agree,Agree,Strongly Agree,Agree,Strongly Agree,Agree,Agree,Strongly Agree,Agree,Agree,Strongly Agree,Strongly Agree,Strongly Agree,Strongly Agree,Agree,Strongly Agree,Strongly Agree,Strongly Agree,Strongly Agree,I think the sensible strategy to get the students involved in a comfortable and smooth way to ensure that they complete GSoC project tasks in a reasonable way is to let them adapt and feel within the community and work field of the project. It'd be quite hard for someone to address tasks when the environment in question is foreign to you.,Agree,Agree,Agree,Neutral,Strongly Agree,Agree,Agree,Strongly Disagree,"On my personal case, I'd say the gains for me have been rather personal in terms of sense and experience, cultivating my own persona dare I say.",I've been self-teaching computer programming since around late 2018 so like 2-3 years.,1,Operating Systems,No,Male,21-25,XXX,No,
32,Neutral,Neutral,Neutral,Agree,Agree,Neutral,Agree,Agree,Agree,Disagree,Agree,Disagree,,No,,,,,,,,,Disagree,Disagree,Disagree,Disagree,Agree,Neutral,Disagree,Strongly Disagree,Neutral,Neutral,Strongly Disagree,Strongly Disagree,Strongly Disagree,Disagree,Disagree,Agree,Disagree,Disagree,Strongly Disagree,Disagree,Disagree,Agree,Agree,Disagree,Neutral,Agree,Strongly Disagree,Neutral,,,,,,,,,,,Low-hanging fruit;Risky/Exploratory;Those that allow the students to explore and decide how they could to achieve the goal.,Agree,Agree,Neutral,Disagree,Agree,Disagree,Agree,Disagree,Strongly Disagree,Agree,Disagree,Neutral,Agree,Disagree,Strongly Agree,Neutral,Agree,Agree,Neutral,Agree,Agree,Agree,Neutral,Neutral,Disagree,Neutral,Neutral,Agree,Neutral,Agree,Agree,Disagree,,Disagree,Agree,Agree,Neutral,Neutral,Disagree,Neutral,Strongly Disagree,,1.5,1,Data and Databases,Yes,Male,21-25,XXX,Yes,
33,Disagree,Disagree,Disagree,Agree,Strongly Disagree,Strongly Agree,Agree,Neutral,Neutral,Agree,Agree,Disagree,,No,,,,,,,,,Neutral,Agree,Neutral,Strongly Disagree,Disagree,Strongly Disagree,Disagree,Disagree,Agree,Agree,Strongly Disagree,Disagree,Agree,Neutral,Agree,I don't know,Disagree,Strongly Disagree,Neutral,Strongly Disagree,Disagree,Disagree,Strongly Disagree,Neutral,Agree,Agree,Agree,Neutral,,Agree,Agree,Agree,Strongly Agree,Neutral,Strongly Agree,Neutral,Strongly Agree,Strongly Agree,Low-hanging fruit;Risky/Exploratory;Fun/Peripheral;Core development,Agree,Agree,Strongly Disagree,Agree,Agree,Strongly Disagree,Strongly Disagree,Neutral,Agree,Strongly Agree,Strongly Disagree,Agree,Strongly Agree,Strongly Agree,Agree,Agree,Strongly Agree,Strongly Agree,Strongly Agree,I don't know,Neutral,Agree,Strongly Agree,Strongly Agree,Neutral,Agree,Neutral,Agree,Strongly Agree,Agree,Strongly Agree,Agree,,Disagree,Neutral,Neutral,Agree,Agree,Disagree,Disagree,I don't know,,10,7,Other,No,Prefer not to say,31-40,XXX,Yes,
34,Strongly Disagree,Strongly Disagree,Strongly Disagree,Disagree,Neutral,Agree,Agree,Strongly Disagree,Strongly Agree,Strongly Disagree,Disagree,Agree,,Yes,Agree,Agree,Strongly Agree,Strongly Agree,Strongly Agree,Strongly Disagree,I don't know,Neutral,Disagree,Neutral,Disagree,Neutral,Disagree,I don't know,Agree,Strongly Disagree,Disagree,Neutral,I don't know,Strongly Disagree,Strongly Disagree,Agree,Neutral,Strongly Disagree,Neutral,Strongly Disagree,Disagree,I don't know,Strongly Disagree,Agree,Agree,Strongly Disagree,Neutral,Strongly Disagree,Strongly Disagree,Disagree,,Agree,Agree,Strongly Agree,Agree,I don't know,Neutral,Agree,Strongly Agree,Disagree,Low-hanging fruit;Fun/Peripheral;Core development;Infrastructure/Automation,Disagree,Agree,Disagree,Agree,Strongly Agree,Strongly Disagree,Strongly Agree,Agree,Disagree,Strongly Agree,Neutral,I don't know,Strongly Agree,Strongly Disagree,Strongly Agree,Agree,Strongly Agree,Agree,Strongly Agree,Strongly Agree,Strongly Agree,Disagree,Agree,Agree,Agree,I don't know,Neutral,Agree,Strongly Agree,Agree,Agree,Agree,,Disagree,Disagree,Agree,Strongly Disagree,Neutral,Disagree,Agree,Strongly Disagree,,8,1,Cloud,Yes,Male,26-30,,No,
,,,,,,,,,,,,,,,,,,,,,,,,,,,,,,,,,,,,,,,,,,,,,,,,,,,,,,,,,,,,,,,,,,,,,,,,,,,,,,,,,,,,,,,,,,,,,,,,,,,,,,,,,,,,,,,,